"No.","Time","Source","Destination","Protocol","Length","Info"
"1","0.000000","192.168.204.137","94.199.178.119","TCP","66","49168  >  80 [SYN] Seq=0 Win=8192 Len=0 MSS=1460 WS=4 SACK_PERM=1"
"2","0.187589","94.199.178.119","192.168.204.137","TCP","60","80  >  49168 [SYN, ACK] Seq=0 Ack=1 Win=64240 Len=0 MSS=1460"
"3","0.187653","192.168.204.137","94.199.178.119","TCP","60","49168  >  80 [ACK] Seq=1 Ack=1 Win=64240 Len=0"
"4","0.188623","192.168.204.137","94.199.178.119","HTTP","695","GET / HTTP/1.1 "
"5","0.188634","94.199.178.119","192.168.204.137","TCP","60","80  >  49168 [ACK] Seq=1 Ack=642 Win=64240 Len=0"
"6","0.509623","94.199.178.119","192.168.204.137","TCP","1423","80  >  49168 [PSH, ACK] Seq=1 Ack=642 Win=64240 Len=1369 [TCP segment of a reassembled PDU]"
"7","0.509764","94.199.178.119","192.168.204.137","TCP","1423","80  >  49168 [PSH, ACK] Seq=1370 Ack=642 Win=64240 Len=1369 [TCP segment of a reassembled PDU]"
"8","0.509927","192.168.204.137","94.199.178.119","TCP","60","49168  >  80 [ACK] Seq=642 Ack=2739 Win=64240 Len=0"
"9","0.510786","94.199.178.119","192.168.204.137","TCP","1423","80  >  49168 [PSH, ACK] Seq=2739 Ack=642 Win=64240 Len=1369 [TCP segment of a reassembled PDU]"
"10","0.610383","94.199.178.119","192.168.204.137","TCP","1423","[TCP Retransmission] 80  >  49168 [PSH, ACK] Seq=2739 Ack=642 Win=64240 Len=1369"
"11","0.611044","192.168.204.137","94.199.178.119","TCP","60","49168  >  80 [ACK] Seq=642 Ack=4108 Win=62871 Len=0"
"12","0.699372","94.199.178.119","192.168.204.137","TCP","1423","80  >  49168 [PSH, ACK] Seq=4108 Ack=642 Win=64240 Len=1369 [TCP segment of a reassembled PDU]"
"13","0.699838","94.199.178.119","192.168.204.137","TCP","1514","80  >  49168 [ACK] Seq=5477 Ack=642 Win=64240 Len=1460 [TCP segment of a reassembled PDU]"
"14","0.699842","94.199.178.119","192.168.204.137","TCP","1332","80  >  49168 [PSH, ACK] Seq=6937 Ack=642 Win=64240 Len=1278 [TCP segment of a reassembled PDU]"
"15","0.699957","192.168.204.137","94.199.178.119","TCP","60","49168  >  80 [ACK] Seq=642 Ack=8215 Win=64240 Len=0"
"16","0.888864","94.199.178.119","192.168.204.137","TCP","1514","80  >  49168 [ACK] Seq=8215 Ack=642 Win=64240 Len=1460 [TCP segment of a reassembled PDU]"
"17","0.888878","94.199.178.119","192.168.204.137","HTTP","407","HTTP/1.1 200 OK  (text/html)"
"18","0.888923","192.168.204.137","94.199.178.119","TCP","60","49168  >  80 [ACK] Seq=642 Ack=10028 Win=64240 Len=0"
"19","1.509579","192.168.204.137","94.199.178.119","TCP","60","[TCP ACKed unseen segment] 49168  >  80 [ACK] Seq=642 Ack=10029 Win=64240 Len=0"
"20","2.517521","192.168.204.137","94.199.178.119","TCP","60","[TCP ACKed unseen segment] 49168  >  80 [FIN, ACK] Seq=642 Ack=10029 Win=64240 Len=0"
"21","2.517548","94.199.178.119","192.168.204.137","TCP","60","[TCP Previous segment not captured] 80  >  49168 [ACK] Seq=10029 Ack=643 Win=64239 Len=0"
"22","5.582653","192.168.204.137","75.126.113.164","TCP","66","49186  >  80 [SYN] Seq=0 Win=8192 Len=0 MSS=1460 WS=4 SACK_PERM=1"
"23","5.904445","75.126.113.164","192.168.204.137","TCP","60","80  >  49186 [SYN, ACK] Seq=0 Ack=1 Win=64240 Len=0 MSS=1460"
"24","5.904545","192.168.204.137","75.126.113.164","TCP","60","49186  >  80 [ACK] Seq=1 Ack=1 Win=64240 Len=0"
"25","5.904746","192.168.204.137","75.126.113.164","HTTP","438","GET /d6bc1dc7da4ed54a62b93b5d0f1cc40c.swf HTTP/1.1 "
"26","5.904750","75.126.113.164","192.168.204.137","TCP","60","80  >  49186 [ACK] Seq=1 Ack=385 Win=64240 Len=0"
"27","6.237798","75.126.113.164","192.168.204.137","HTTP","1259","HTTP/1.1 200 OK  (application/x-shockwave-flash)"
"28","6.337588","75.126.113.164","192.168.204.137","TCP","1259","[TCP Retransmission] 80  >  49186 [PSH, ACK] Seq=1 Ack=385 Win=64240 Len=1205"
"29","6.337594","192.168.204.137","75.126.113.164","TCP","60","49186  >  80 [ACK] Seq=385 Ack=1206 Win=63035 Len=0"
"30","6.576413","192.168.204.137","69.65.9.55","TCP","66","49188  >  80 [SYN] Seq=0 Win=8192 Len=0 MSS=1460 WS=4 SACK_PERM=1"
"31","6.867985","69.65.9.55","192.168.204.137","TCP","60","80  >  49188 [SYN, ACK] Seq=0 Ack=1 Win=64240 Len=0 MSS=1460"
"32","6.868088","192.168.204.137","69.65.9.55","TCP","60","49188  >  80 [ACK] Seq=1 Ack=1 Win=64240 Len=0"
"33","6.868301","192.168.204.137","69.65.9.55","HTTP","1066","POST /d2a42e1f7d9a1021bd7d93af414c95c4.php?q=70a9b40eb73da11445c3a3609c8241d9 HTTP/1.1  (application/x-www-form-urlencoded)"
"34","6.868305","69.65.9.55","192.168.204.137","TCP","60","80  >  49188 [ACK] Seq=1 Ack=1013 Win=64240 Len=0"
"35","8.849525","69.65.9.55","192.168.204.137","HTTP","560","HTTP/1.1 200 OK  (text/html)"
"36","8.949331","69.65.9.55","192.168.204.137","TCP","560","[TCP Retransmission] 80  >  49188 [PSH, ACK] Seq=1 Ack=1013 Win=64240 Len=506"
"37","8.949384","192.168.204.137","69.65.9.55","TCP","60","49188  >  80 [ACK] Seq=1013 Ack=507 Win=63734 Len=0"
"38","9.054619","192.168.204.137","167.160.46.121","TCP","66","49190  >  80 [SYN] Seq=0 Win=8192 Len=0 MSS=1460 WS=4 SACK_PERM=1"
"39","9.237130","192.168.204.137","75.126.113.164","TCP","60","[TCP ACKed unseen segment] 49186  >  80 [ACK] Seq=385 Ack=1207 Win=63035 Len=0"
"40","9.340547","167.160.46.121","192.168.204.137","TCP","60","80  >  49190 [SYN, ACK] Seq=0 Ack=1 Win=64240 Len=0 MSS=1460"
"41","9.340620","192.168.204.137","167.160.46.121","TCP","60","49190  >  80 [ACK] Seq=1 Ack=1 Win=64240 Len=0"
"42","9.340815","192.168.204.137","167.160.46.121","HTTP","651","GET /3h251q2c35 HTTP/1.1 "
"43","9.340890","167.160.46.121","192.168.204.137","TCP","60","80  >  49190 [ACK] Seq=1 Ack=598 Win=64240 Len=0"
"44","10.323965","167.160.46.121","192.168.204.137","TCP","1423","80  >  49190 [PSH, ACK] Seq=1 Ack=598 Win=64240 Len=1369 [TCP segment of a reassembled PDU]"
"45","10.323973","167.160.46.121","192.168.204.137","TCP","1423","80  >  49190 [PSH, ACK] Seq=1370 Ack=598 Win=64240 Len=1369 [TCP segment of a reassembled PDU]"
"46","10.323976","192.168.204.137","167.160.46.121","TCP","60","49190  >  80 [ACK] Seq=598 Ack=2739 Win=64240 Len=0"
"47","10.323978","167.160.46.121","192.168.204.137","TCP","1423","80  >  49190 [PSH, ACK] Seq=2739 Ack=598 Win=64240 Len=1369 [TCP segment of a reassembled PDU]"
"48","10.324328","167.160.46.121","192.168.204.137","TCP","1423","80  >  49190 [PSH, ACK] Seq=4108 Ack=598 Win=64240 Len=1369 [TCP segment of a reassembled PDU]"
"49","10.324334","192.168.204.137","167.160.46.121","TCP","60","49190  >  80 [ACK] Seq=598 Ack=5477 Win=64240 Len=0"
"50","10.324741","167.160.46.121","192.168.204.137","TCP","1423","80  >  49190 [PSH, ACK] Seq=5477 Ack=598 Win=64240 Len=1369 [TCP segment of a reassembled PDU]"
"51","10.324745","167.160.46.121","192.168.204.137","TCP","1423","80  >  49190 [PSH, ACK] Seq=6846 Ack=598 Win=64240 Len=1369 [TCP segment of a reassembled PDU]"
"52","10.324747","192.168.204.137","167.160.46.121","TCP","60","49190  >  80 [ACK] Seq=598 Ack=8215 Win=64240 Len=0"
"53","10.325038","167.160.46.121","192.168.204.137","TCP","1423","80  >  49190 [PSH, ACK] Seq=8215 Ack=598 Win=64240 Len=1369 [TCP segment of a reassembled PDU]"
"54","10.325041","167.160.46.121","192.168.204.137","TCP","1423","80  >  49190 [PSH, ACK] Seq=9584 Ack=598 Win=64240 Len=1369 [TCP segment of a reassembled PDU]"
"55","10.325428","192.168.204.137","167.160.46.121","TCP","60","49190  >  80 [ACK] Seq=598 Ack=10953 Win=61502 Len=0"
"56","10.325430","167.160.46.121","192.168.204.137","TCP","1423","80  >  49190 [PSH, ACK] Seq=10953 Ack=598 Win=64240 Len=1369 [TCP segment of a reassembled PDU]"
"57","10.325943","167.160.46.121","192.168.204.137","TCP","1423","80  >  49190 [PSH, ACK] Seq=12322 Ack=598 Win=64240 Len=1369 [TCP segment of a reassembled PDU]"
"58","10.325947","192.168.204.137","167.160.46.121","TCP","60","49190  >  80 [ACK] Seq=598 Ack=13691 Win=58764 Len=0"
"59","10.328849","192.168.204.137","167.160.46.121","TCP","60","[TCP Window Update] 49190  >  80 [ACK] Seq=598 Ack=13691 Win=62516 Len=0"
"60","10.359534","192.168.204.137","167.160.46.121","TCP","60","[TCP Window Update] 49190  >  80 [ACK] Seq=598 Ack=13691 Win=64240 Len=0"
"61","10.532845","192.168.204.137","75.126.113.164","TCP","60","[TCP ACKed unseen segment] 49186  >  80 [RST, ACK] Seq=385 Ack=1207 Win=0 Len=0"
"62","10.611541","167.160.46.121","192.168.204.137","TCP","1423","80  >  49190 [PSH, ACK] Seq=13691 Ack=598 Win=64240 Len=1369 [TCP segment of a reassembled PDU]"
"63","10.611789","167.160.46.121","192.168.204.137","TCP","1423","80  >  49190 [PSH, ACK] Seq=15060 Ack=598 Win=64240 Len=1369 [TCP segment of a reassembled PDU]"
"64","10.612034","192.168.204.137","167.160.46.121","TCP","60","49190  >  80 [ACK] Seq=598 Ack=16429 Win=64240 Len=0"
"65","10.612070","167.160.46.121","192.168.204.137","TCP","1423","80  >  49190 [PSH, ACK] Seq=16429 Ack=598 Win=64240 Len=1369 [TCP segment of a reassembled PDU]"
"66","10.612514","167.160.46.121","192.168.204.137","TCP","1423","80  >  49190 [PSH, ACK] Seq=17798 Ack=598 Win=64240 Len=1369 [TCP segment of a reassembled PDU]"
"67","10.612521","167.160.46.121","192.168.204.137","TCP","1423","80  >  49190 [PSH, ACK] Seq=19167 Ack=598 Win=64240 Len=1369 [TCP segment of a reassembled PDU]"
"68","10.612551","192.168.204.137","167.160.46.121","TCP","60","49190  >  80 [ACK] Seq=598 Ack=20536 Win=64240 Len=0"
"69","10.612750","167.160.46.121","192.168.204.137","TCP","1423","80  >  49190 [PSH, ACK] Seq=20536 Ack=598 Win=64240 Len=1369 [TCP segment of a reassembled PDU]"
"70","10.612836","167.160.46.121","192.168.204.137","TCP","1423","80  >  49190 [PSH, ACK] Seq=21905 Ack=598 Win=64240 Len=1369 [TCP segment of a reassembled PDU]"
"71","10.612953","192.168.204.137","167.160.46.121","TCP","60","49190  >  80 [ACK] Seq=598 Ack=23274 Win=64240 Len=0"
"72","10.613215","167.160.46.121","192.168.204.137","TCP","1423","80  >  49190 [PSH, ACK] Seq=23274 Ack=598 Win=64240 Len=1369 [TCP segment of a reassembled PDU]"
"73","10.613312","167.160.46.121","192.168.204.137","TCP","1423","80  >  49190 [PSH, ACK] Seq=24643 Ack=598 Win=64240 Len=1369 [TCP segment of a reassembled PDU]"
"74","10.613616","167.160.46.121","192.168.204.137","TCP","1423","80  >  49190 [PSH, ACK] Seq=26012 Ack=598 Win=64240 Len=1369 [TCP segment of a reassembled PDU]"
"75","10.613757","192.168.204.137","167.160.46.121","TCP","60","49190  >  80 [ACK] Seq=598 Ack=27381 Win=64240 Len=0"
"76","10.613759","167.160.46.121","192.168.204.137","TCP","1423","80  >  49190 [PSH, ACK] Seq=27381 Ack=598 Win=64240 Len=1369 [TCP segment of a reassembled PDU]"
"77","10.613761","167.160.46.121","192.168.204.137","TCP","1423","80  >  49190 [PSH, ACK] Seq=28750 Ack=598 Win=64240 Len=1369 [TCP segment of a reassembled PDU]"
"78","10.613764","192.168.204.137","167.160.46.121","TCP","60","49190  >  80 [ACK] Seq=598 Ack=30119 Win=64240 Len=0"
"79","10.613908","167.160.46.121","192.168.204.137","TCP","1423","80  >  49190 [PSH, ACK] Seq=30119 Ack=598 Win=64240 Len=1369 [TCP segment of a reassembled PDU]"
"80","10.614099","167.160.46.121","192.168.204.137","TCP","1423","80  >  49190 [PSH, ACK] Seq=31488 Ack=598 Win=64240 Len=1369 [TCP segment of a reassembled PDU]"
"81","10.614264","192.168.204.137","167.160.46.121","TCP","60","49190  >  80 [ACK] Seq=598 Ack=32857 Win=64240 Len=0"
"82","10.614267","167.160.46.121","192.168.204.137","TCP","1423","80  >  49190 [PSH, ACK] Seq=32857 Ack=598 Win=64240 Len=1369 [TCP segment of a reassembled PDU]"
"83","10.714010","167.160.46.121","192.168.204.137","TCP","1423","[TCP Retransmission] 80  >  49190 [PSH, ACK] Seq=32857 Ack=598 Win=64240 Len=1369"
"84","10.714088","192.168.204.137","167.160.46.121","TCP","60","49190  >  80 [ACK] Seq=598 Ack=34226 Win=62871 Len=0"
"85","10.900799","167.160.46.121","192.168.204.137","TCP","1423","80  >  49190 [PSH, ACK] Seq=34226 Ack=598 Win=64240 Len=1369 [TCP segment of a reassembled PDU]"
"86","10.901134","167.160.46.121","192.168.204.137","TCP","1423","80  >  49190 [PSH, ACK] Seq=35595 Ack=598 Win=64240 Len=1369 [TCP segment of a reassembled PDU]"
"87","10.901139","192.168.204.137","167.160.46.121","TCP","60","49190  >  80 [ACK] Seq=598 Ack=36964 Win=64240 Len=0"
"88","10.901166","167.160.46.121","192.168.204.137","TCP","1423","80  >  49190 [PSH, ACK] Seq=36964 Ack=598 Win=64240 Len=1369 [TCP segment of a reassembled PDU]"
"89","10.907603","167.160.46.121","192.168.204.137","TCP","1423","80  >  49190 [PSH, ACK] Seq=38333 Ack=598 Win=64240 Len=1369 [TCP segment of a reassembled PDU]"
"90","10.907609","192.168.204.137","167.160.46.121","TCP","60","49190  >  80 [ACK] Seq=598 Ack=39702 Win=64240 Len=0"
"91","10.907742","167.160.46.121","192.168.204.137","TCP","1423","80  >  49190 [PSH, ACK] Seq=39702 Ack=598 Win=64240 Len=1369 [TCP segment of a reassembled PDU]"
"92","10.908154","167.160.46.121","192.168.204.137","TCP","1423","80  >  49190 [PSH, ACK] Seq=41071 Ack=598 Win=64240 Len=1369 [TCP segment of a reassembled PDU]"
"93","10.908292","192.168.204.137","167.160.46.121","TCP","60","49190  >  80 [ACK] Seq=598 Ack=42440 Win=64240 Len=0"
"94","10.909357","167.160.46.121","192.168.204.137","TCP","1423","80  >  49190 [PSH, ACK] Seq=42440 Ack=598 Win=64240 Len=1369 [TCP segment of a reassembled PDU]"
"95","10.909567","167.160.46.121","192.168.204.137","TCP","1423","80  >  49190 [PSH, ACK] Seq=43809 Ack=598 Win=64240 Len=1369 [TCP segment of a reassembled PDU]"
"96","10.909630","167.160.46.121","192.168.204.137","TCP","1423","80  >  49190 [PSH, ACK] Seq=45178 Ack=598 Win=64240 Len=1369 [TCP segment of a reassembled PDU]"
"97","10.910046","192.168.204.137","167.160.46.121","TCP","60","49190  >  80 [ACK] Seq=598 Ack=46547 Win=62871 Len=0"
"98","10.910049","167.160.46.121","192.168.204.137","TCP","1423","80  >  49190 [PSH, ACK] Seq=46547 Ack=598 Win=64240 Len=1369 [TCP segment of a reassembled PDU]"
"99","10.910051","167.160.46.121","192.168.204.137","TCP","1423","80  >  49190 [PSH, ACK] Seq=47916 Ack=598 Win=64240 Len=1369 [TCP segment of a reassembled PDU]"
"100","10.910184","167.160.46.121","192.168.204.137","TCP","1423","80  >  49190 [PSH, ACK] Seq=49285 Ack=598 Win=64240 Len=1369 [TCP segment of a reassembled PDU]"
"101","10.910441","167.160.46.121","192.168.204.137","TCP","1423","80  >  49190 [PSH, ACK] Seq=50654 Ack=598 Win=64240 Len=1369 [TCP segment of a reassembled PDU]"
"102","10.910566","192.168.204.137","167.160.46.121","TCP","60","49190  >  80 [ACK] Seq=598 Ack=52023 Win=57395 Len=0"
"103","10.910635","167.160.46.121","192.168.204.137","TCP","1423","80  >  49190 [PSH, ACK] Seq=52023 Ack=598 Win=64240 Len=1369 [TCP segment of a reassembled PDU]"
"104","10.910928","167.160.46.121","192.168.204.137","TCP","1423","80  >  49190 [PSH, ACK] Seq=53392 Ack=598 Win=64240 Len=1369 [TCP segment of a reassembled PDU]"
"105","10.911058","192.168.204.137","167.160.46.121","TCP","60","49190  >  80 [ACK] Seq=598 Ack=54761 Win=54657 Len=0"
"106","10.911061","167.160.46.121","192.168.204.137","TCP","1423","80  >  49190 [PSH, ACK] Seq=54761 Ack=598 Win=64240 Len=1369 [TCP segment of a reassembled PDU]"
"107","10.911137","167.160.46.121","192.168.204.137","HTTP","879","HTTP/1.1 200 OK  (text/html)"
"108","10.911560","192.168.204.137","167.160.46.121","TCP","60","49190  >  80 [ACK] Seq=598 Ack=56955 Win=52463 Len=0"
"109","10.946432","192.168.204.137","167.160.46.121","TCP","60","[TCP Window Update] 49190  >  80 [ACK] Seq=598 Ack=56955 Win=64240 Len=0"
"110","13.846818","192.168.204.137","69.65.9.55","TCP","60","[TCP ACKed unseen segment] 49188  >  80 [ACK] Seq=1013 Ack=508 Win=63734 Len=0"
"111","14.379402","192.168.204.137","167.160.46.121","TCP","66","49193  >  80 [SYN] Seq=0 Win=8192 Len=0 MSS=1460 WS=256 SACK_PERM=1"
"112","14.673675","167.160.46.121","192.168.204.137","TCP","60","80  >  49193 [SYN, ACK] Seq=0 Ack=1 Win=64240 Len=0 MSS=1460"
"113","14.673809","192.168.204.137","167.160.46.121","TCP","60","49193  >  80 [ACK] Seq=1 Ack=1 Win=64240 Len=0"
"114","14.674029","192.168.204.137","167.160.46.121","HTTP","199","GET /xEztiZ7NM12Vj9c2RTB_MT0UEYH_re0UqLWZq_vBhBZGq0KGVP1BTVXxVeSy3Veo HTTP/1.1 "
"115","14.674042","167.160.46.121","192.168.204.137","TCP","60","80  >  49193 [ACK] Seq=1 Ack=146 Win=64240 Len=0"
"116","16.302267","167.160.46.121","192.168.204.137","TCP","1423","80  >  49193 [PSH, ACK] Seq=1 Ack=146 Win=64240 Len=1369 [TCP segment of a reassembled PDU]"
"117","16.302655","167.160.46.121","192.168.204.137","TCP","1423","80  >  49193 [PSH, ACK] Seq=1370 Ack=146 Win=64240 Len=1369 [TCP segment of a reassembled PDU]"
"118","16.302668","192.168.204.137","167.160.46.121","TCP","60","49193  >  80 [ACK] Seq=146 Ack=2739 Win=64240 Len=0"
"119","16.303014","167.160.46.121","192.168.204.137","TCP","1423","80  >  49193 [PSH, ACK] Seq=2739 Ack=146 Win=64240 Len=1369 [TCP segment of a reassembled PDU]"
"120","16.303024","167.160.46.121","192.168.204.137","TCP","1423","80  >  49193 [PSH, ACK] Seq=4108 Ack=146 Win=64240 Len=1369 [TCP segment of a reassembled PDU]"
"121","16.303105","192.168.204.137","167.160.46.121","TCP","60","49193  >  80 [ACK] Seq=146 Ack=5477 Win=64240 Len=0"
"122","16.303420","167.160.46.121","192.168.204.137","TCP","1423","80  >  49193 [PSH, ACK] Seq=5477 Ack=146 Win=64240 Len=1369 [TCP segment of a reassembled PDU]"
"123","16.303425","167.160.46.121","192.168.204.137","TCP","1423","80  >  49193 [PSH, ACK] Seq=6846 Ack=146 Win=64240 Len=1369 [TCP segment of a reassembled PDU]"
"124","16.303428","192.168.204.137","167.160.46.121","TCP","60","49193  >  80 [ACK] Seq=146 Ack=8215 Win=64240 Len=0"
"125","16.303600","167.160.46.121","192.168.204.137","TCP","1423","80  >  49193 [PSH, ACK] Seq=8215 Ack=146 Win=64240 Len=1369 [TCP segment of a reassembled PDU]"
"126","16.303963","167.160.46.121","192.168.204.137","TCP","1423","80  >  49193 [PSH, ACK] Seq=9584 Ack=146 Win=64240 Len=1369 [TCP segment of a reassembled PDU]"
"127","16.304028","192.168.204.137","167.160.46.121","TCP","60","49193  >  80 [ACK] Seq=146 Ack=10953 Win=64240 Len=0"
"128","16.304164","167.160.46.121","192.168.204.137","TCP","1423","80  >  49193 [PSH, ACK] Seq=10953 Ack=146 Win=64240 Len=1369 [TCP segment of a reassembled PDU]"
"129","16.304458","167.160.46.121","192.168.204.137","TCP","1423","80  >  49193 [PSH, ACK] Seq=12322 Ack=146 Win=64240 Len=1369 [TCP segment of a reassembled PDU]"
"130","16.304488","192.168.204.137","167.160.46.121","TCP","60","49193  >  80 [ACK] Seq=146 Ack=13691 Win=64240 Len=0"
"131","16.595545","167.160.46.121","192.168.204.137","TCP","1423","80  >  49193 [PSH, ACK] Seq=13691 Ack=146 Win=64240 Len=1369 [TCP segment of a reassembled PDU]"
"132","16.595765","167.160.46.121","192.168.204.137","TCP","1423","80  >  49193 [PSH, ACK] Seq=15060 Ack=146 Win=64240 Len=1369 [TCP segment of a reassembled PDU]"
"133","16.595858","192.168.204.137","167.160.46.121","TCP","60","49193  >  80 [ACK] Seq=146 Ack=16429 Win=64240 Len=0"
"134","16.596028","167.160.46.121","192.168.204.137","TCP","1423","80  >  49193 [PSH, ACK] Seq=16429 Ack=146 Win=64240 Len=1369 [TCP segment of a reassembled PDU]"
"135","16.596297","167.160.46.121","192.168.204.137","TCP","1423","80  >  49193 [PSH, ACK] Seq=17798 Ack=146 Win=64240 Len=1369 [TCP segment of a reassembled PDU]"
"136","16.596378","192.168.204.137","167.160.46.121","TCP","60","49193  >  80 [ACK] Seq=146 Ack=19167 Win=64240 Len=0"
"137","16.596606","167.160.46.121","192.168.204.137","TCP","1423","80  >  49193 [PSH, ACK] Seq=19167 Ack=146 Win=64240 Len=1369 [TCP segment of a reassembled PDU]"
"138","16.597417","167.160.46.121","192.168.204.137","TCP","1423","80  >  49193 [PSH, ACK] Seq=20536 Ack=146 Win=64240 Len=1369 [TCP segment of a reassembled PDU]"
"139","16.597494","192.168.204.137","167.160.46.121","TCP","60","49193  >  80 [ACK] Seq=146 Ack=21905 Win=64240 Len=0"
"140","16.600713","167.160.46.121","192.168.204.137","TCP","1423","80  >  49193 [PSH, ACK] Seq=21905 Ack=146 Win=64240 Len=1369 [TCP segment of a reassembled PDU]"
"141","16.600900","167.160.46.121","192.168.204.137","TCP","1423","80  >  49193 [PSH, ACK] Seq=23274 Ack=146 Win=64240 Len=1369 [TCP segment of a reassembled PDU]"
"142","16.600991","192.168.204.137","167.160.46.121","TCP","60","49193  >  80 [ACK] Seq=146 Ack=24643 Win=64240 Len=0"
"143","16.601307","167.160.46.121","192.168.204.137","TCP","1423","80  >  49193 [PSH, ACK] Seq=24643 Ack=146 Win=64240 Len=1369 [TCP segment of a reassembled PDU]"
"144","16.601877","167.160.46.121","192.168.204.137","TCP","1423","80  >  49193 [PSH, ACK] Seq=26012 Ack=146 Win=64240 Len=1369 [TCP segment of a reassembled PDU]"
"145","16.601987","167.160.46.121","192.168.204.137","TCP","1423","80  >  49193 [PSH, ACK] Seq=27381 Ack=146 Win=64240 Len=1369 [TCP segment of a reassembled PDU]"
"146","16.601991","192.168.204.137","167.160.46.121","TCP","60","49193  >  80 [ACK] Seq=146 Ack=27381 Win=64240 Len=0"
"147","16.602233","167.160.46.121","192.168.204.137","TCP","1423","80  >  49193 [PSH, ACK] Seq=28750 Ack=146 Win=64240 Len=1369 [TCP segment of a reassembled PDU]"
"148","16.602267","192.168.204.137","167.160.46.121","TCP","60","49193  >  80 [ACK] Seq=146 Ack=30119 Win=64240 Len=0"
"149","16.602418","167.160.46.121","192.168.204.137","TCP","1423","80  >  49193 [PSH, ACK] Seq=30119 Ack=146 Win=64240 Len=1369 [TCP segment of a reassembled PDU]"
"150","16.602618","167.160.46.121","192.168.204.137","TCP","1423","80  >  49193 [PSH, ACK] Seq=31488 Ack=146 Win=64240 Len=1369 [TCP segment of a reassembled PDU]"
"151","16.602694","192.168.204.137","167.160.46.121","TCP","60","49193  >  80 [ACK] Seq=146 Ack=32857 Win=64240 Len=0"
"152","16.602838","167.160.46.121","192.168.204.137","TCP","1423","80  >  49193 [PSH, ACK] Seq=32857 Ack=146 Win=64240 Len=1369 [TCP segment of a reassembled PDU]"
"153","16.702690","167.160.46.121","192.168.204.137","TCP","1423","[TCP Retransmission] 80  >  49193 [PSH, ACK] Seq=32857 Ack=146 Win=64240 Len=1369"
"154","16.702821","192.168.204.137","167.160.46.121","TCP","60","49193  >  80 [ACK] Seq=146 Ack=34226 Win=62871 Len=0"
"155","16.890407","167.160.46.121","192.168.204.137","TCP","1423","80  >  49193 [PSH, ACK] Seq=34226 Ack=146 Win=64240 Len=1369 [TCP segment of a reassembled PDU]"
"156","16.891169","167.160.46.121","192.168.204.137","TCP","1514","80  >  49193 [ACK] Seq=35595 Ack=146 Win=64240 Len=1460 [TCP segment of a reassembled PDU]"
"157","16.891178","167.160.46.121","192.168.204.137","TCP","1332","80  >  49193 [PSH, ACK] Seq=37055 Ack=146 Win=64240 Len=1278 [TCP segment of a reassembled PDU]"
"158","16.891180","167.160.46.121","192.168.204.137","TCP","1423","80  >  49193 [PSH, ACK] Seq=38333 Ack=146 Win=64240 Len=1369 [TCP segment of a reassembled PDU]"
"159","16.891222","167.160.46.121","192.168.204.137","TCP","1423","80  >  49193 [PSH, ACK] Seq=39702 Ack=146 Win=64240 Len=1369 [TCP segment of a reassembled PDU]"
"160","16.891350","192.168.204.137","167.160.46.121","TCP","60","49193  >  80 [ACK] Seq=146 Ack=41071 Win=64240 Len=0"
"161","16.891481","167.160.46.121","192.168.204.137","TCP","1423","80  >  49193 [PSH, ACK] Seq=41071 Ack=146 Win=64240 Len=1369 [TCP segment of a reassembled PDU]"
"162","16.891524","167.160.46.121","192.168.204.137","TCP","1423","80  >  49193 [PSH, ACK] Seq=42440 Ack=146 Win=64240 Len=1369 [TCP segment of a reassembled PDU]"
"163","16.891559","192.168.204.137","167.160.46.121","TCP","60","49193  >  80 [ACK] Seq=146 Ack=43809 Win=64240 Len=0"
"164","16.891657","167.160.46.121","192.168.204.137","TCP","1423","80  >  49193 [PSH, ACK] Seq=43809 Ack=146 Win=64240 Len=1369 [TCP segment of a reassembled PDU]"
"165","16.891957","167.160.46.121","192.168.204.137","TCP","1423","80  >  49193 [PSH, ACK] Seq=45178 Ack=146 Win=64240 Len=1369 [TCP segment of a reassembled PDU]"
"166","16.891962","192.168.204.137","167.160.46.121","TCP","60","49193  >  80 [ACK] Seq=146 Ack=46547 Win=64240 Len=0"
"167","16.900471","167.160.46.121","192.168.204.137","TCP","1423","80  >  49193 [PSH, ACK] Seq=46547 Ack=146 Win=64240 Len=1369 [TCP segment of a reassembled PDU]"
"168","16.900779","167.160.46.121","192.168.204.137","TCP","1423","80  >  49193 [PSH, ACK] Seq=47916 Ack=146 Win=64240 Len=1369 [TCP segment of a reassembled PDU]"
"169","16.900792","192.168.204.137","167.160.46.121","TCP","60","49193  >  80 [ACK] Seq=146 Ack=49285 Win=64240 Len=0"
"170","16.900932","167.160.46.121","192.168.204.137","TCP","1423","80  >  49193 [PSH, ACK] Seq=49285 Ack=146 Win=64240 Len=1369 [TCP segment of a reassembled PDU]"
"171","16.901320","167.160.46.121","192.168.204.137","TCP","1423","80  >  49193 [PSH, ACK] Seq=50654 Ack=146 Win=64240 Len=1369 [TCP segment of a reassembled PDU]"
"172","16.901404","192.168.204.137","167.160.46.121","TCP","60","49193  >  80 [ACK] Seq=146 Ack=52023 Win=64240 Len=0"
"173","16.901548","167.160.46.121","192.168.204.137","TCP","1423","80  >  49193 [PSH, ACK] Seq=52023 Ack=146 Win=64240 Len=1369 [TCP segment of a reassembled PDU]"
"174","16.901905","167.160.46.121","192.168.204.137","TCP","1423","80  >  49193 [PSH, ACK] Seq=53392 Ack=146 Win=64240 Len=1369 [TCP segment of a reassembled PDU]"
"175","16.901911","167.160.46.121","192.168.204.137","TCP","1423","80  >  49193 [PSH, ACK] Seq=54761 Ack=146 Win=64240 Len=1369 [TCP segment of a reassembled PDU]"
"176","16.902010","192.168.204.137","167.160.46.121","TCP","60","49193  >  80 [ACK] Seq=146 Ack=54761 Win=64240 Len=0"
"177","16.902159","167.160.46.121","192.168.204.137","TCP","1423","80  >  49193 [PSH, ACK] Seq=56130 Ack=146 Win=64240 Len=1369 [TCP segment of a reassembled PDU]"
"178","16.902202","192.168.204.137","167.160.46.121","TCP","60","49193  >  80 [ACK] Seq=146 Ack=57499 Win=64240 Len=0"
"179","16.902388","167.160.46.121","192.168.204.137","TCP","1423","80  >  49193 [PSH, ACK] Seq=57499 Ack=146 Win=64240 Len=1369 [TCP segment of a reassembled PDU]"
"180","16.902550","167.160.46.121","192.168.204.137","TCP","1423","80  >  49193 [PSH, ACK] Seq=58868 Ack=146 Win=64240 Len=1369 [TCP segment of a reassembled PDU]"
"181","16.902591","192.168.204.137","167.160.46.121","TCP","60","49193  >  80 [ACK] Seq=146 Ack=60237 Win=64240 Len=0"
"182","16.902785","167.160.46.121","192.168.204.137","TCP","1423","80  >  49193 [PSH, ACK] Seq=60237 Ack=146 Win=64240 Len=1369 [TCP segment of a reassembled PDU]"
"183","16.902789","167.160.46.121","192.168.204.137","TCP","1423","80  >  49193 [PSH, ACK] Seq=61606 Ack=146 Win=64240 Len=1369 [TCP segment of a reassembled PDU]"
"184","16.902889","192.168.204.137","167.160.46.121","TCP","60","49193  >  80 [ACK] Seq=146 Ack=62975 Win=64240 Len=0"
"185","17.101056","167.160.46.121","192.168.204.137","TCP","1423","80  >  49193 [PSH, ACK] Seq=62975 Ack=146 Win=64240 Len=1369 [TCP segment of a reassembled PDU]"
"186","17.101183","167.160.46.121","192.168.204.137","TCP","1423","80  >  49193 [PSH, ACK] Seq=64344 Ack=146 Win=64240 Len=1369 [TCP segment of a reassembled PDU]"
"187","17.101262","192.168.204.137","167.160.46.121","TCP","60","49193  >  80 [ACK] Seq=146 Ack=65713 Win=64240 Len=0"
"188","17.191745","167.160.46.121","192.168.204.137","TCP","1423","80  >  49193 [PSH, ACK] Seq=65713 Ack=146 Win=64240 Len=1369 [TCP segment of a reassembled PDU]"
"189","17.192749","167.160.46.121","192.168.204.137","TCP","1423","80  >  49193 [PSH, ACK] Seq=67082 Ack=146 Win=64240 Len=1369 [TCP segment of a reassembled PDU]"
"190","17.192970","167.160.46.121","192.168.204.137","TCP","1423","80  >  49193 [PSH, ACK] Seq=68451 Ack=146 Win=64240 Len=1369 [TCP segment of a reassembled PDU]"
"191","17.193244","167.160.46.121","192.168.204.137","TCP","1423","80  >  49193 [PSH, ACK] Seq=69820 Ack=146 Win=64240 Len=1369 [TCP segment of a reassembled PDU]"
"192","17.193482","192.168.204.137","167.160.46.121","TCP","60","49193  >  80 [ACK] Seq=146 Ack=71189 Win=64240 Len=0"
"193","17.193486","167.160.46.121","192.168.204.137","TCP","1423","80  >  49193 [PSH, ACK] Seq=71189 Ack=146 Win=64240 Len=1369 [TCP segment of a reassembled PDU]"
"194","17.193513","167.160.46.121","192.168.204.137","TCP","1423","80  >  49193 [PSH, ACK] Seq=72558 Ack=146 Win=64240 Len=1369 [TCP segment of a reassembled PDU]"
"195","17.193567","192.168.204.137","167.160.46.121","TCP","60","49193  >  80 [ACK] Seq=146 Ack=73927 Win=64240 Len=0"
"196","17.194818","167.160.46.121","192.168.204.137","TCP","1423","80  >  49193 [PSH, ACK] Seq=73927 Ack=146 Win=64240 Len=1369 [TCP segment of a reassembled PDU]"
"197","17.195849","167.160.46.121","192.168.204.137","TCP","1423","80  >  49193 [PSH, ACK] Seq=75296 Ack=146 Win=64240 Len=1369 [TCP segment of a reassembled PDU]"
"198","17.195911","192.168.204.137","167.160.46.121","TCP","60","49193  >  80 [ACK] Seq=146 Ack=76665 Win=64240 Len=0"
"199","17.197814","167.160.46.121","192.168.204.137","TCP","1423","80  >  49193 [PSH, ACK] Seq=76665 Ack=146 Win=64240 Len=1369 [TCP segment of a reassembled PDU]"
"200","17.197998","167.160.46.121","192.168.204.137","TCP","1423","80  >  49193 [PSH, ACK] Seq=78034 Ack=146 Win=64240 Len=1369 [TCP segment of a reassembled PDU]"
"201","17.198066","192.168.204.137","167.160.46.121","TCP","60","49193  >  80 [ACK] Seq=146 Ack=79403 Win=64240 Len=0"
"202","17.198818","167.160.46.121","192.168.204.137","TCP","1423","80  >  49193 [PSH, ACK] Seq=79403 Ack=146 Win=64240 Len=1369 [TCP segment of a reassembled PDU]"
"203","17.198974","167.160.46.121","192.168.204.137","TCP","1423","80  >  49193 [PSH, ACK] Seq=80772 Ack=146 Win=64240 Len=1369 [TCP segment of a reassembled PDU]"
"204","17.199041","192.168.204.137","167.160.46.121","TCP","60","49193  >  80 [ACK] Seq=146 Ack=82141 Win=64240 Len=0"
"205","17.200193","167.160.46.121","192.168.204.137","TCP","1423","80  >  49193 [PSH, ACK] Seq=82141 Ack=146 Win=64240 Len=1369 [TCP segment of a reassembled PDU]"
"206","17.200552","167.160.46.121","192.168.204.137","TCP","1423","80  >  49193 [PSH, ACK] Seq=83510 Ack=146 Win=64240 Len=1369 [TCP segment of a reassembled PDU]"
"207","17.200622","192.168.204.137","167.160.46.121","TCP","60","49193  >  80 [ACK] Seq=146 Ack=84879 Win=64240 Len=0"
"208","17.200809","167.160.46.121","192.168.204.137","TCP","1423","80  >  49193 [PSH, ACK] Seq=84879 Ack=146 Win=64240 Len=1369 [TCP segment of a reassembled PDU]"
"209","17.201093","167.160.46.121","192.168.204.137","TCP","1423","80  >  49193 [PSH, ACK] Seq=86248 Ack=146 Win=64240 Len=1369 [TCP segment of a reassembled PDU]"
"210","17.201148","192.168.204.137","167.160.46.121","TCP","60","49193  >  80 [ACK] Seq=146 Ack=87617 Win=64240 Len=0"
"211","17.201330","167.160.46.121","192.168.204.137","TCP","1423","80  >  49193 [PSH, ACK] Seq=87617 Ack=146 Win=64240 Len=1369 [TCP segment of a reassembled PDU]"
"212","17.201937","167.160.46.121","192.168.204.137","TCP","1514","80  >  49193 [ACK] Seq=88986 Ack=146 Win=64240 Len=1460 [TCP segment of a reassembled PDU]"
"213","17.201943","167.160.46.121","192.168.204.137","TCP","1332","80  >  49193 [PSH, ACK] Seq=90446 Ack=146 Win=64240 Len=1278 [TCP segment of a reassembled PDU]"
"214","17.202169","192.168.204.137","167.160.46.121","TCP","60","49193  >  80 [ACK] Seq=146 Ack=91724 Win=64240 Len=0"
"215","17.202171","167.160.46.121","192.168.204.137","TCP","1423","80  >  49193 [PSH, ACK] Seq=91724 Ack=146 Win=64240 Len=1369 [TCP segment of a reassembled PDU]"
"216","17.202301","167.160.46.121","192.168.204.137","TCP","1423","80  >  49193 [PSH, ACK] Seq=93093 Ack=146 Win=64240 Len=1369 [TCP segment of a reassembled PDU]"
"217","17.202303","167.160.46.121","192.168.204.137","TCP","1423","80  >  49193 [PSH, ACK] Seq=94462 Ack=146 Win=64240 Len=1369 [TCP segment of a reassembled PDU]"
"218","17.202305","192.168.204.137","167.160.46.121","TCP","60","49193  >  80 [ACK] Seq=146 Ack=94462 Win=64240 Len=0"
"219","17.202726","167.160.46.121","192.168.204.137","TCP","1423","80  >  49193 [PSH, ACK] Seq=95831 Ack=146 Win=64240 Len=1369 [TCP segment of a reassembled PDU]"
"220","17.202734","192.168.204.137","167.160.46.121","TCP","60","49193  >  80 [ACK] Seq=146 Ack=97200 Win=64240 Len=0"
"221","17.202735","167.160.46.121","192.168.204.137","TCP","1423","80  >  49193 [PSH, ACK] Seq=97200 Ack=146 Win=64240 Len=1369 [TCP segment of a reassembled PDU]"
"222","17.202993","167.160.46.121","192.168.204.137","TCP","1423","80  >  49193 [PSH, ACK] Seq=98569 Ack=146 Win=64240 Len=1369 [TCP segment of a reassembled PDU]"
"223","17.202997","167.160.46.121","192.168.204.137","TCP","1423","80  >  49193 [PSH, ACK] Seq=99938 Ack=146 Win=64240 Len=1369 [TCP segment of a reassembled PDU]"
"224","17.203063","192.168.204.137","167.160.46.121","TCP","60","49193  >  80 [ACK] Seq=146 Ack=99938 Win=64240 Len=0"
"225","17.203241","167.160.46.121","192.168.204.137","TCP","1423","80  >  49193 [PSH, ACK] Seq=101307 Ack=146 Win=64240 Len=1369 [TCP segment of a reassembled PDU]"
"226","17.203323","192.168.204.137","167.160.46.121","TCP","60","49193  >  80 [ACK] Seq=146 Ack=102676 Win=64240 Len=0"
"227","17.203478","167.160.46.121","192.168.204.137","TCP","1423","80  >  49193 [PSH, ACK] Seq=102676 Ack=146 Win=64240 Len=1369 [TCP segment of a reassembled PDU]"
"228","17.303254","167.160.46.121","192.168.204.137","TCP","1423","[TCP Retransmission] 80  >  49193 [PSH, ACK] Seq=102676 Ack=146 Win=64240 Len=1369"
"229","17.303361","192.168.204.137","167.160.46.121","TCP","60","49193  >  80 [ACK] Seq=146 Ack=104045 Win=62871 Len=0"
"230","17.401535","167.160.46.121","192.168.204.137","TCP","1423","80  >  49193 [PSH, ACK] Seq=104045 Ack=146 Win=64240 Len=1369 [TCP segment of a reassembled PDU]"
"231","17.401936","167.160.46.121","192.168.204.137","TCP","1423","80  >  49193 [PSH, ACK] Seq=105414 Ack=146 Win=64240 Len=1369 [TCP segment of a reassembled PDU]"
"232","17.401950","167.160.46.121","192.168.204.137","TCP","1423","80  >  49193 [PSH, ACK] Seq=106783 Ack=146 Win=64240 Len=1369 [TCP segment of a reassembled PDU]"
"233","17.401995","192.168.204.137","167.160.46.121","TCP","60","49193  >  80 [ACK] Seq=146 Ack=108152 Win=64240 Len=0"
"234","17.486101","167.160.46.121","192.168.204.137","TCP","1423","80  >  49193 [PSH, ACK] Seq=108152 Ack=146 Win=64240 Len=1369 [TCP segment of a reassembled PDU]"
"235","17.486247","167.160.46.121","192.168.204.137","TCP","1423","80  >  49193 [PSH, ACK] Seq=109521 Ack=146 Win=64240 Len=1369 [TCP segment of a reassembled PDU]"
"236","17.486418","167.160.46.121","192.168.204.137","TCP","1423","80  >  49193 [PSH, ACK] Seq=110890 Ack=146 Win=64240 Len=1369 [TCP segment of a reassembled PDU]"
"237","17.486493","192.168.204.137","167.160.46.121","TCP","60","49193  >  80 [ACK] Seq=146 Ack=112259 Win=64240 Len=0"
"238","17.486894","167.160.46.121","192.168.204.137","TCP","1423","80  >  49193 [PSH, ACK] Seq=112259 Ack=146 Win=64240 Len=1369 [TCP segment of a reassembled PDU]"
"239","17.487399","167.160.46.121","192.168.204.137","TCP","1423","80  >  49193 [PSH, ACK] Seq=113628 Ack=146 Win=64240 Len=1369 [TCP segment of a reassembled PDU]"
"240","17.487616","167.160.46.121","192.168.204.137","TCP","1423","80  >  49193 [PSH, ACK] Seq=114997 Ack=146 Win=64240 Len=1369 [TCP segment of a reassembled PDU]"
"241","17.487621","192.168.204.137","167.160.46.121","TCP","60","49193  >  80 [ACK] Seq=146 Ack=114997 Win=64240 Len=0"
"242","17.487648","167.160.46.121","192.168.204.137","TCP","1423","80  >  49193 [PSH, ACK] Seq=116366 Ack=146 Win=64240 Len=1369 [TCP segment of a reassembled PDU]"
"243","17.487716","192.168.204.137","167.160.46.121","TCP","60","49193  >  80 [ACK] Seq=146 Ack=117735 Win=64240 Len=0"
"244","17.487883","167.160.46.121","192.168.204.137","TCP","1423","80  >  49193 [PSH, ACK] Seq=117735 Ack=146 Win=64240 Len=1369 [TCP segment of a reassembled PDU]"
"245","17.487986","167.160.46.121","192.168.204.137","TCP","1423","80  >  49193 [PSH, ACK] Seq=119104 Ack=146 Win=64240 Len=1369 [TCP segment of a reassembled PDU]"
"246","17.488056","192.168.204.137","167.160.46.121","TCP","60","49193  >  80 [ACK] Seq=146 Ack=120473 Win=64240 Len=0"
"247","17.495240","167.160.46.121","192.168.204.137","TCP","1423","80  >  49193 [PSH, ACK] Seq=120473 Ack=146 Win=64240 Len=1369 [TCP segment of a reassembled PDU]"
"248","17.495554","167.160.46.121","192.168.204.137","TCP","1423","80  >  49193 [PSH, ACK] Seq=121842 Ack=146 Win=64240 Len=1369 [TCP segment of a reassembled PDU]"
"249","17.495617","192.168.204.137","167.160.46.121","TCP","60","49193  >  80 [ACK] Seq=146 Ack=123211 Win=64240 Len=0"
"250","17.495885","167.160.46.121","192.168.204.137","TCP","1423","80  >  49193 [PSH, ACK] Seq=123211 Ack=146 Win=64240 Len=1369 [TCP segment of a reassembled PDU]"
"251","17.495930","167.160.46.121","192.168.204.137","TCP","1423","80  >  49193 [PSH, ACK] Seq=124580 Ack=146 Win=64240 Len=1369 [TCP segment of a reassembled PDU]"
"252","17.496095","192.168.204.137","167.160.46.121","TCP","60","49193  >  80 [ACK] Seq=146 Ack=125949 Win=64240 Len=0"
"253","17.496098","167.160.46.121","192.168.204.137","TCP","1423","80  >  49193 [PSH, ACK] Seq=125949 Ack=146 Win=64240 Len=1369 [TCP segment of a reassembled PDU]"
"254","17.496254","167.160.46.121","192.168.204.137","TCP","1423","80  >  49193 [PSH, ACK] Seq=127318 Ack=146 Win=64240 Len=1369 [TCP segment of a reassembled PDU]"
"255","17.496328","192.168.204.137","167.160.46.121","TCP","60","49193  >  80 [ACK] Seq=146 Ack=128687 Win=64240 Len=0"
"256","17.496623","167.160.46.121","192.168.204.137","TCP","1423","80  >  49193 [PSH, ACK] Seq=128687 Ack=146 Win=64240 Len=1369 [TCP segment of a reassembled PDU]"
"257","17.496787","167.160.46.121","192.168.204.137","TCP","1423","80  >  49193 [PSH, ACK] Seq=130056 Ack=146 Win=64240 Len=1369 [TCP segment of a reassembled PDU]"
"258","17.496885","192.168.204.137","167.160.46.121","TCP","60","49193  >  80 [ACK] Seq=146 Ack=131425 Win=64240 Len=0"
"259","17.496887","167.160.46.121","192.168.204.137","TCP","1423","80  >  49193 [PSH, ACK] Seq=131425 Ack=146 Win=64240 Len=1369 [TCP segment of a reassembled PDU]"
"260","17.501224","167.160.46.121","192.168.204.137","TCP","1423","80  >  49193 [PSH, ACK] Seq=132794 Ack=146 Win=64240 Len=1369 [TCP segment of a reassembled PDU]"
"261","17.501309","192.168.204.137","167.160.46.121","TCP","60","49193  >  80 [ACK] Seq=146 Ack=134163 Win=64240 Len=0"
"262","17.501466","167.160.46.121","192.168.204.137","TCP","1423","80  >  49193 [PSH, ACK] Seq=134163 Ack=146 Win=64240 Len=1369 [TCP segment of a reassembled PDU]"
"263","17.501675","167.160.46.121","192.168.204.137","TCP","1423","80  >  49193 [PSH, ACK] Seq=135532 Ack=146 Win=64240 Len=1369 [TCP segment of a reassembled PDU]"
"264","17.501711","192.168.204.137","167.160.46.121","TCP","60","49193  >  80 [ACK] Seq=146 Ack=136901 Win=64240 Len=0"
"265","17.501937","167.160.46.121","192.168.204.137","TCP","1423","80  >  49193 [PSH, ACK] Seq=136901 Ack=146 Win=64240 Len=1369 [TCP segment of a reassembled PDU]"
"266","17.502114","167.160.46.121","192.168.204.137","TCP","1423","80  >  49193 [PSH, ACK] Seq=138270 Ack=146 Win=64240 Len=1369 [TCP segment of a reassembled PDU]"
"267","17.502203","192.168.204.137","167.160.46.121","TCP","60","49193  >  80 [ACK] Seq=146 Ack=139639 Win=64240 Len=0"
"268","17.502507","167.160.46.121","192.168.204.137","TCP","1423","80  >  49193 [PSH, ACK] Seq=139639 Ack=146 Win=64240 Len=1369 [TCP segment of a reassembled PDU]"
"269","17.502876","167.160.46.121","192.168.204.137","TCP","1423","80  >  49193 [PSH, ACK] Seq=141008 Ack=146 Win=64240 Len=1369 [TCP segment of a reassembled PDU]"
"270","17.502966","192.168.204.137","167.160.46.121","TCP","60","49193  >  80 [ACK] Seq=146 Ack=142377 Win=64240 Len=0"
"271","17.502968","167.160.46.121","192.168.204.137","TCP","1423","80  >  49193 [PSH, ACK] Seq=142377 Ack=146 Win=64240 Len=1369 [TCP segment of a reassembled PDU]"
"272","17.503093","167.160.46.121","192.168.204.137","TCP","1423","80  >  49193 [PSH, ACK] Seq=143746 Ack=146 Win=64240 Len=1369 [TCP segment of a reassembled PDU]"
"273","17.503167","192.168.204.137","167.160.46.121","TCP","60","49193  >  80 [ACK] Seq=146 Ack=145115 Win=64240 Len=0"
"274","17.503514","167.160.46.121","192.168.204.137","TCP","1423","80  >  49193 [PSH, ACK] Seq=145115 Ack=146 Win=64240 Len=1369 [TCP segment of a reassembled PDU]"
"275","17.503651","167.160.46.121","192.168.204.137","TCP","1423","80  >  49193 [PSH, ACK] Seq=146484 Ack=146 Win=64240 Len=1369 [TCP segment of a reassembled PDU]"
"276","17.503888","192.168.204.137","167.160.46.121","TCP","60","49193  >  80 [ACK] Seq=146 Ack=147853 Win=64240 Len=0"
"277","17.503895","167.160.46.121","192.168.204.137","TCP","1423","80  >  49193 [PSH, ACK] Seq=147853 Ack=146 Win=64240 Len=1369 [TCP segment of a reassembled PDU]"
"278","17.503897","167.160.46.121","192.168.204.137","TCP","1423","80  >  49193 [PSH, ACK] Seq=149222 Ack=146 Win=64240 Len=1369 [TCP segment of a reassembled PDU]"
"279","17.503981","192.168.204.137","167.160.46.121","TCP","60","49193  >  80 [ACK] Seq=146 Ack=150591 Win=64240 Len=0"
"280","17.503984","167.160.46.121","192.168.204.137","TCP","1423","80  >  49193 [PSH, ACK] Seq=150591 Ack=146 Win=64240 Len=1369 [TCP segment of a reassembled PDU]"
"281","17.504604","167.160.46.121","192.168.204.137","TCP","1423","80  >  49193 [PSH, ACK] Seq=151960 Ack=146 Win=64240 Len=1369 [TCP segment of a reassembled PDU]"
"282","17.504722","167.160.46.121","192.168.204.137","TCP","1514","80  >  49193 [ACK] Seq=153329 Ack=146 Win=64240 Len=1460 [TCP segment of a reassembled PDU]"
"283","17.504728","167.160.46.121","192.168.204.137","TCP","1332","80  >  49193 [PSH, ACK] Seq=154789 Ack=146 Win=64240 Len=1278 [TCP segment of a reassembled PDU]"
"284","17.504879","167.160.46.121","192.168.204.137","TCP","1423","80  >  49193 [PSH, ACK] Seq=156067 Ack=146 Win=64240 Len=1369 [TCP segment of a reassembled PDU]"
"285","17.505005","167.160.46.121","192.168.204.137","TCP","1423","80  >  49193 [PSH, ACK] Seq=157436 Ack=146 Win=64240 Len=1369 [TCP segment of a reassembled PDU]"
"286","17.505490","192.168.204.137","167.160.46.121","TCP","60","49193  >  80 [ACK] Seq=146 Ack=158805 Win=64240 Len=0"
"287","17.505548","167.160.46.121","192.168.204.137","TCP","1423","80  >  49193 [PSH, ACK] Seq=158805 Ack=146 Win=64240 Len=1369 [TCP segment of a reassembled PDU]"
"288","17.505832","167.160.46.121","192.168.204.137","TCP","1423","80  >  49193 [PSH, ACK] Seq=160174 Ack=146 Win=64240 Len=1369 [TCP segment of a reassembled PDU]"
"289","17.505913","192.168.204.137","167.160.46.121","TCP","60","49193  >  80 [ACK] Seq=146 Ack=161543 Win=64240 Len=0"
"290","17.506582","167.160.46.121","192.168.204.137","TCP","1423","80  >  49193 [PSH, ACK] Seq=161543 Ack=146 Win=64240 Len=1369 [TCP segment of a reassembled PDU]"
"291","17.606289","167.160.46.121","192.168.204.137","TCP","1423","[TCP Retransmission] 80  >  49193 [PSH, ACK] Seq=161543 Ack=146 Win=64240 Len=1369"
"292","17.606342","192.168.204.137","167.160.46.121","TCP","60","49193  >  80 [ACK] Seq=146 Ack=162912 Win=62871 Len=0"
"293","17.700641","167.160.46.121","192.168.204.137","TCP","1423","80  >  49193 [PSH, ACK] Seq=162912 Ack=146 Win=64240 Len=1369 [TCP segment of a reassembled PDU]"
"294","17.700788","167.160.46.121","192.168.204.137","TCP","1423","80  >  49193 [PSH, ACK] Seq=164281 Ack=146 Win=64240 Len=1369 [TCP segment of a reassembled PDU]"
"295","17.701152","192.168.204.137","167.160.46.121","TCP","60","49193  >  80 [ACK] Seq=146 Ack=165650 Win=64240 Len=0"
"296","17.701303","167.160.46.121","192.168.204.137","TCP","1514","80  >  49193 [ACK] Seq=165650 Ack=146 Win=64240 Len=1460 [TCP segment of a reassembled PDU]"
"297","17.701309","167.160.46.121","192.168.204.137","TCP","1332","80  >  49193 [PSH, ACK] Seq=167110 Ack=146 Win=64240 Len=1278 [TCP segment of a reassembled PDU]"
"298","17.701357","192.168.204.137","167.160.46.121","TCP","60","49193  >  80 [ACK] Seq=146 Ack=168388 Win=64240 Len=0"
"299","17.701614","167.160.46.121","192.168.204.137","TCP","1423","80  >  49193 [PSH, ACK] Seq=168388 Ack=146 Win=64240 Len=1369 [TCP segment of a reassembled PDU]"
"300","17.701618","167.160.46.121","192.168.204.137","TCP","1423","80  >  49193 [PSH, ACK] Seq=169757 Ack=146 Win=64240 Len=1369 [TCP segment of a reassembled PDU]"
"301","17.701792","192.168.204.137","167.160.46.121","TCP","60","49193  >  80 [ACK] Seq=146 Ack=171126 Win=64240 Len=0"
"302","17.780755","167.160.46.121","192.168.204.137","TCP","1423","80  >  49193 [PSH, ACK] Seq=171126 Ack=146 Win=64240 Len=1369 [TCP segment of a reassembled PDU]"
"303","17.781174","167.160.46.121","192.168.204.137","TCP","1423","80  >  49193 [PSH, ACK] Seq=172495 Ack=146 Win=64240 Len=1369 [TCP segment of a reassembled PDU]"
"304","17.781233","192.168.204.137","167.160.46.121","TCP","60","49193  >  80 [ACK] Seq=146 Ack=173864 Win=64240 Len=0"
"305","17.781502","167.160.46.121","192.168.204.137","TCP","1423","80  >  49193 [PSH, ACK] Seq=173864 Ack=146 Win=64240 Len=1369 [TCP segment of a reassembled PDU]"
"306","17.781739","167.160.46.121","192.168.204.137","TCP","1423","80  >  49193 [PSH, ACK] Seq=175233 Ack=146 Win=64240 Len=1369 [TCP segment of a reassembled PDU]"
"307","17.781824","192.168.204.137","167.160.46.121","TCP","60","49193  >  80 [ACK] Seq=146 Ack=176602 Win=64240 Len=0"
"308","17.781943","167.160.46.121","192.168.204.137","TCP","1423","80  >  49193 [PSH, ACK] Seq=176602 Ack=146 Win=64240 Len=1369 [TCP segment of a reassembled PDU]"
"309","17.782098","167.160.46.121","192.168.204.137","TCP","1423","80  >  49193 [PSH, ACK] Seq=177971 Ack=146 Win=64240 Len=1369 [TCP segment of a reassembled PDU]"
"310","17.782175","192.168.204.137","167.160.46.121","TCP","60","49193  >  80 [ACK] Seq=146 Ack=179340 Win=64240 Len=0"
"311","17.782384","167.160.46.121","192.168.204.137","TCP","1423","80  >  49193 [PSH, ACK] Seq=179340 Ack=146 Win=64240 Len=1369 [TCP segment of a reassembled PDU]"
"312","17.782533","167.160.46.121","192.168.204.137","TCP","1423","80  >  49193 [PSH, ACK] Seq=180709 Ack=146 Win=64240 Len=1369 [TCP segment of a reassembled PDU]"
"313","17.782589","192.168.204.137","167.160.46.121","TCP","60","49193  >  80 [ACK] Seq=146 Ack=182078 Win=64240 Len=0"
"314","17.790752","167.160.46.121","192.168.204.137","TCP","1423","80  >  49193 [PSH, ACK] Seq=182078 Ack=146 Win=64240 Len=1369 [TCP segment of a reassembled PDU]"
"315","17.791013","167.160.46.121","192.168.204.137","TCP","1423","80  >  49193 [PSH, ACK] Seq=183447 Ack=146 Win=64240 Len=1369 [TCP segment of a reassembled PDU]"
"316","17.791154","192.168.204.137","167.160.46.121","TCP","60","49193  >  80 [ACK] Seq=146 Ack=184816 Win=64240 Len=0"
"317","17.791395","167.160.46.121","192.168.204.137","TCP","1423","80  >  49193 [PSH, ACK] Seq=184816 Ack=146 Win=64240 Len=1369 [TCP segment of a reassembled PDU]"
"318","17.791517","167.160.46.121","192.168.204.137","TCP","1423","80  >  49193 [PSH, ACK] Seq=186185 Ack=146 Win=64240 Len=1369 [TCP segment of a reassembled PDU]"
"319","17.791571","192.168.204.137","167.160.46.121","TCP","60","49193  >  80 [ACK] Seq=146 Ack=187554 Win=64240 Len=0"
"320","17.791610","167.160.46.121","192.168.204.137","TCP","1423","80  >  49193 [PSH, ACK] Seq=187554 Ack=146 Win=64240 Len=1369 [TCP segment of a reassembled PDU]"
"321","17.791970","167.160.46.121","192.168.204.137","TCP","1423","80  >  49193 [PSH, ACK] Seq=188923 Ack=146 Win=64240 Len=1369 [TCP segment of a reassembled PDU]"
"322","17.791975","192.168.204.137","167.160.46.121","TCP","60","49193  >  80 [ACK] Seq=146 Ack=190292 Win=64240 Len=0"
"323","17.792018","167.160.46.121","192.168.204.137","TCP","1423","80  >  49193 [PSH, ACK] Seq=190292 Ack=146 Win=64240 Len=1369 [TCP segment of a reassembled PDU]"
"324","17.792317","167.160.46.121","192.168.204.137","TCP","1423","80  >  49193 [PSH, ACK] Seq=191661 Ack=146 Win=64240 Len=1369 [TCP segment of a reassembled PDU]"
"325","17.792322","192.168.204.137","167.160.46.121","TCP","60","49193  >  80 [ACK] Seq=146 Ack=193030 Win=64240 Len=0"
"326","17.792609","167.160.46.121","192.168.204.137","TCP","1423","80  >  49193 [PSH, ACK] Seq=193030 Ack=146 Win=64240 Len=1369 [TCP segment of a reassembled PDU]"
"327","17.792859","167.160.46.121","192.168.204.137","TCP","1423","80  >  49193 [PSH, ACK] Seq=194399 Ack=146 Win=64240 Len=1369 [TCP segment of a reassembled PDU]"
"328","17.792879","192.168.204.137","167.160.46.121","TCP","60","49193  >  80 [ACK] Seq=146 Ack=195768 Win=64240 Len=0"
"329","17.795616","167.160.46.121","192.168.204.137","TCP","1423","80  >  49193 [PSH, ACK] Seq=195768 Ack=146 Win=64240 Len=1369 [TCP segment of a reassembled PDU]"
"330","17.796039","167.160.46.121","192.168.204.137","TCP","1423","80  >  49193 [PSH, ACK] Seq=197137 Ack=146 Win=64240 Len=1369 [TCP segment of a reassembled PDU]"
"331","17.796104","192.168.204.137","167.160.46.121","TCP","60","49193  >  80 [ACK] Seq=146 Ack=198506 Win=64240 Len=0"
"332","17.796195","167.160.46.121","192.168.204.137","TCP","1423","80  >  49193 [PSH, ACK] Seq=198506 Ack=146 Win=64240 Len=1369 [TCP segment of a reassembled PDU]"
"333","17.796300","167.160.46.121","192.168.204.137","TCP","1423","80  >  49193 [PSH, ACK] Seq=199875 Ack=146 Win=64240 Len=1369 [TCP segment of a reassembled PDU]"
"334","17.796365","192.168.204.137","167.160.46.121","TCP","60","49193  >  80 [ACK] Seq=146 Ack=201244 Win=64240 Len=0"
"335","17.796566","167.160.46.121","192.168.204.137","TCP","1423","80  >  49193 [PSH, ACK] Seq=201244 Ack=146 Win=64240 Len=1369 [TCP segment of a reassembled PDU]"
"336","17.796718","167.160.46.121","192.168.204.137","TCP","1423","80  >  49193 [PSH, ACK] Seq=202613 Ack=146 Win=64240 Len=1369 [TCP segment of a reassembled PDU]"
"337","17.796744","192.168.204.137","167.160.46.121","TCP","60","49193  >  80 [ACK] Seq=146 Ack=203982 Win=64240 Len=0"
"338","17.806501","167.160.46.121","192.168.204.137","TCP","1423","80  >  49193 [PSH, ACK] Seq=203982 Ack=146 Win=64240 Len=1369 [TCP segment of a reassembled PDU]"
"339","17.806814","167.160.46.121","192.168.204.137","TCP","1423","80  >  49193 [PSH, ACK] Seq=205351 Ack=146 Win=64240 Len=1369 [TCP segment of a reassembled PDU]"
"340","17.806892","192.168.204.137","167.160.46.121","TCP","60","49193  >  80 [ACK] Seq=146 Ack=206720 Win=64240 Len=0"
"341","17.807017","167.160.46.121","192.168.204.137","TCP","1423","80  >  49193 [PSH, ACK] Seq=206720 Ack=146 Win=64240 Len=1369 [TCP segment of a reassembled PDU]"
"342","17.807410","167.160.46.121","192.168.204.137","TCP","1423","80  >  49193 [PSH, ACK] Seq=208089 Ack=146 Win=64240 Len=1369 [TCP segment of a reassembled PDU]"
"343","17.807412","192.168.204.137","167.160.46.121","TCP","60","49193  >  80 [ACK] Seq=146 Ack=209458 Win=64240 Len=0"
"344","17.807526","167.160.46.121","192.168.204.137","TCP","1423","80  >  49193 [PSH, ACK] Seq=209458 Ack=146 Win=64240 Len=1369 [TCP segment of a reassembled PDU]"
"345","17.807706","167.160.46.121","192.168.204.137","TCP","1423","80  >  49193 [PSH, ACK] Seq=210827 Ack=146 Win=64240 Len=1369 [TCP segment of a reassembled PDU]"
"346","17.807749","192.168.204.137","167.160.46.121","TCP","60","49193  >  80 [ACK] Seq=146 Ack=212196 Win=64240 Len=0"
"347","17.808087","167.160.46.121","192.168.204.137","TCP","1423","80  >  49193 [PSH, ACK] Seq=212196 Ack=146 Win=64240 Len=1369 [TCP segment of a reassembled PDU]"
"348","17.808351","167.160.46.121","192.168.204.137","TCP","1423","80  >  49193 [PSH, ACK] Seq=213565 Ack=146 Win=64240 Len=1369 [TCP segment of a reassembled PDU]"
"349","17.808367","192.168.204.137","167.160.46.121","TCP","60","49193  >  80 [ACK] Seq=146 Ack=214934 Win=64240 Len=0"
"350","17.808368","167.160.46.121","192.168.204.137","TCP","1423","80  >  49193 [PSH, ACK] Seq=214934 Ack=146 Win=64240 Len=1369 [TCP segment of a reassembled PDU]"
"351","17.808556","167.160.46.121","192.168.204.137","TCP","1423","80  >  49193 [PSH, ACK] Seq=216303 Ack=146 Win=64240 Len=1369 [TCP segment of a reassembled PDU]"
"352","17.808561","192.168.204.137","167.160.46.121","TCP","60","49193  >  80 [ACK] Seq=146 Ack=217672 Win=64240 Len=0"
"353","17.808731","167.160.46.121","192.168.204.137","TCP","1423","80  >  49193 [PSH, ACK] Seq=217672 Ack=146 Win=64240 Len=1369 [TCP segment of a reassembled PDU]"
"354","17.808944","167.160.46.121","192.168.204.137","TCP","1423","80  >  49193 [PSH, ACK] Seq=219041 Ack=146 Win=64240 Len=1369 [TCP segment of a reassembled PDU]"
"355","17.809025","192.168.204.137","167.160.46.121","TCP","60","49193  >  80 [ACK] Seq=146 Ack=220410 Win=64240 Len=0"
"356","17.809065","167.160.46.121","192.168.204.137","TCP","1423","80  >  49193 [PSH, ACK] Seq=220410 Ack=146 Win=64240 Len=1369 [TCP segment of a reassembled PDU]"
"357","17.809263","167.160.46.121","192.168.204.137","TCP","1423","80  >  49193 [PSH, ACK] Seq=221779 Ack=146 Win=64240 Len=1369 [TCP segment of a reassembled PDU]"
"358","17.809343","192.168.204.137","167.160.46.121","TCP","60","49193  >  80 [ACK] Seq=146 Ack=223148 Win=64240 Len=0"
"359","17.809652","167.160.46.121","192.168.204.137","TCP","1423","80  >  49193 [PSH, ACK] Seq=223148 Ack=146 Win=64240 Len=1369 [TCP segment of a reassembled PDU]"
"360","17.809718","167.160.46.121","192.168.204.137","TCP","1423","80  >  49193 [PSH, ACK] Seq=224517 Ack=146 Win=64240 Len=1369 [TCP segment of a reassembled PDU]"
"361","17.809803","192.168.204.137","167.160.46.121","TCP","60","49193  >  80 [ACK] Seq=146 Ack=225886 Win=64240 Len=0"
"362","17.996283","167.160.46.121","192.168.204.137","TCP","1423","80  >  49193 [PSH, ACK] Seq=225886 Ack=146 Win=64240 Len=1369 [TCP segment of a reassembled PDU]"
"363","17.996486","167.160.46.121","192.168.204.137","TCP","1423","80  >  49193 [PSH, ACK] Seq=227255 Ack=146 Win=64240 Len=1369 [TCP segment of a reassembled PDU]"
"364","17.996544","192.168.204.137","167.160.46.121","TCP","60","49193  >  80 [ACK] Seq=146 Ack=228624 Win=64240 Len=0"
"365","17.996689","167.160.46.121","192.168.204.137","TCP","1423","80  >  49193 [PSH, ACK] Seq=228624 Ack=146 Win=64240 Len=1369 [TCP segment of a reassembled PDU]"
"366","17.997044","167.160.46.121","192.168.204.137","TCP","1423","80  >  49193 [PSH, ACK] Seq=229993 Ack=146 Win=64240 Len=1369 [TCP segment of a reassembled PDU]"
"367","17.997169","192.168.204.137","167.160.46.121","TCP","60","49193  >  80 [ACK] Seq=146 Ack=231362 Win=64240 Len=0"
"368","17.997212","167.160.46.121","192.168.204.137","TCP","1423","80  >  49193 [PSH, ACK] Seq=231362 Ack=146 Win=64240 Len=1369 [TCP segment of a reassembled PDU]"
"369","17.997505","167.160.46.121","192.168.204.137","TCP","1423","80  >  49193 [PSH, ACK] Seq=232731 Ack=146 Win=64240 Len=1369 [TCP segment of a reassembled PDU]"
"370","17.997601","192.168.204.137","167.160.46.121","TCP","60","49193  >  80 [ACK] Seq=146 Ack=234100 Win=64240 Len=0"
"371","18.081181","167.160.46.121","192.168.204.137","TCP","1423","80  >  49193 [PSH, ACK] Seq=234100 Ack=146 Win=64240 Len=1369 [TCP segment of a reassembled PDU]"
"372","18.081194","167.160.46.121","192.168.204.137","TCP","1423","80  >  49193 [PSH, ACK] Seq=235469 Ack=146 Win=64240 Len=1369 [TCP segment of a reassembled PDU]"
"373","18.081534","192.168.204.137","167.160.46.121","TCP","60","49193  >  80 [ACK] Seq=146 Ack=236838 Win=64240 Len=0"
"374","18.081537","167.160.46.121","192.168.204.137","TCP","1423","80  >  49193 [PSH, ACK] Seq=236838 Ack=146 Win=64240 Len=1369 [TCP segment of a reassembled PDU]"
"375","18.081847","167.160.46.121","192.168.204.137","TCP","1423","80  >  49193 [PSH, ACK] Seq=238207 Ack=146 Win=64240 Len=1369 [TCP segment of a reassembled PDU]"
"376","18.081851","167.160.46.121","192.168.204.137","TCP","1423","80  >  49193 [PSH, ACK] Seq=239576 Ack=146 Win=64240 Len=1369 [TCP segment of a reassembled PDU]"
"377","18.081853","192.168.204.137","167.160.46.121","TCP","60","49193  >  80 [ACK] Seq=146 Ack=240945 Win=64240 Len=0"
"378","18.082110","167.160.46.121","192.168.204.137","TCP","1423","80  >  49193 [PSH, ACK] Seq=240945 Ack=146 Win=64240 Len=1369 [TCP segment of a reassembled PDU]"
"379","18.082137","167.160.46.121","192.168.204.137","HTTP","348","HTTP/1.1 200 OK "
"380","18.082351","192.168.204.137","167.160.46.121","TCP","60","49193  >  80 [ACK] Seq=146 Ack=242608 Win=64240 Len=0"
"381","19.198685","192.168.204.137","69.65.9.55","TCP","60","[TCP ACKed unseen segment] 49188  >  80 [RST, ACK] Seq=1013 Ack=508 Win=0 Len=0"
"382","31.485705","192.168.204.137","167.160.46.121","HTTP","502","GET /ah9KedcNijtKbdju6QOisUuU1VEEgo9GoKnhBFi1Zvi2Z1slBsHOE1aHnOKWMBB2 HTTP/1.1 "
"383","31.485754","167.160.46.121","192.168.204.137","TCP","60","80  >  49190 [ACK] Seq=56955 Ack=1046 Win=64240 Len=0"
"384","31.644635","192.168.204.137","167.160.46.121","TCP","66","49200  >  80 [SYN] Seq=0 Win=8192 Len=0 MSS=1460 WS=4 SACK_PERM=1"
"385","31.936945","167.160.46.121","192.168.204.137","TCP","60","80  >  49200 [SYN, ACK] Seq=0 Ack=1 Win=64240 Len=0 MSS=1460"
"386","31.937570","192.168.204.137","167.160.46.121","TCP","60","49200  >  80 [ACK] Seq=1 Ack=1 Win=64240 Len=0"
"387","31.977238","192.168.204.137","167.160.46.121","HTTP","388","GET /qxrWmriaPVb2cBLwxw1uR_EEnOuZR9mgVr3ReB3-1yiVm9H15-VbU3vylDw4RGW3 HTTP/1.1 "
"388","31.977240","167.160.46.121","192.168.204.137","TCP","60","80  >  49200 [ACK] Seq=1 Ack=335 Win=64240 Len=0"
"389","32.270366","167.160.46.121","192.168.204.137","TCP","1423","80  >  49190 [PSH, ACK] Seq=56955 Ack=1046 Win=64240 Len=1369 [TCP segment of a reassembled PDU]"
"390","32.270583","167.160.46.121","192.168.204.137","TCP","1423","80  >  49190 [PSH, ACK] Seq=58324 Ack=1046 Win=64240 Len=1369 [TCP segment of a reassembled PDU]"
"391","32.270886","167.160.46.121","192.168.204.137","TCP","1423","80  >  49190 [PSH, ACK] Seq=59693 Ack=1046 Win=64240 Len=1369 [TCP segment of a reassembled PDU]"
"392","32.271091","167.160.46.121","192.168.204.137","TCP","1423","80  >  49190 [PSH, ACK] Seq=61062 Ack=1046 Win=64240 Len=1369 [TCP segment of a reassembled PDU]"
"393","32.271978","167.160.46.121","192.168.204.137","TCP","1423","80  >  49190 [PSH, ACK] Seq=62431 Ack=1046 Win=64240 Len=1369 [TCP segment of a reassembled PDU]"
"394","32.272249","167.160.46.121","192.168.204.137","TCP","1423","80  >  49190 [PSH, ACK] Seq=63800 Ack=1046 Win=64240 Len=1369 [TCP segment of a reassembled PDU]"
"395","32.272375","167.160.46.121","192.168.204.137","TCP","1423","80  >  49190 [PSH, ACK] Seq=65169 Ack=1046 Win=64240 Len=1369 [TCP segment of a reassembled PDU]"
"396","32.272507","167.160.46.121","192.168.204.137","TCP","1423","80  >  49190 [PSH, ACK] Seq=66538 Ack=1046 Win=64240 Len=1369 [TCP segment of a reassembled PDU]"
"397","32.272700","167.160.46.121","192.168.204.137","TCP","1423","80  >  49190 [PSH, ACK] Seq=67907 Ack=1046 Win=64240 Len=1369 [TCP segment of a reassembled PDU]"
"398","32.272844","167.160.46.121","192.168.204.137","TCP","1423","80  >  49190 [PSH, ACK] Seq=69276 Ack=1046 Win=64240 Len=1369 [TCP segment of a reassembled PDU]"
"399","32.276881","192.168.204.137","167.160.46.121","TCP","60","49190  >  80 [ACK] Seq=1046 Ack=70645 Win=58764 Len=0"
"400","32.279214","192.168.204.137","167.160.46.121","TCP","60","[TCP Window Update] 49190  >  80 [ACK] Seq=1046 Ack=70645 Win=62516 Len=0"
"401","32.279428","192.168.204.137","167.160.46.121","TCP","60","[TCP Window Update] 49190  >  80 [ACK] Seq=1046 Ack=70645 Win=64240 Len=0"
"402","32.562186","167.160.46.121","192.168.204.137","TCP","1423","80  >  49190 [PSH, ACK] Seq=70645 Ack=1046 Win=64240 Len=1369 [TCP segment of a reassembled PDU]"
"403","32.562924","167.160.46.121","192.168.204.137","TCP","1423","80  >  49190 [PSH, ACK] Seq=72014 Ack=1046 Win=64240 Len=1369 [TCP segment of a reassembled PDU]"
"404","32.562930","192.168.204.137","167.160.46.121","TCP","60","49190  >  80 [ACK] Seq=1046 Ack=73383 Win=64240 Len=0"
"405","32.562932","167.160.46.121","192.168.204.137","TCP","1423","80  >  49190 [PSH, ACK] Seq=73383 Ack=1046 Win=64240 Len=1369 [TCP segment of a reassembled PDU]"
"406","32.563299","192.168.204.137","167.160.46.121","TCP","60","[TCP ACKed unseen segment] 49190  >  80 [ACK] Seq=1046 Ack=78859 Win=64240 Len=0"
"407","32.563546","167.160.46.121","192.168.204.137","TCP","1423","[TCP Previous segment not captured] 80  >  49190 [PSH, ACK] Seq=78859 Ack=1046 Win=64240 Len=1369 [TCP segment of a reassembled PDU]"
"408","32.563719","167.160.46.121","192.168.204.137","TCP","1423","80  >  49190 [PSH, ACK] Seq=80228 Ack=1046 Win=64240 Len=1369 [TCP segment of a reassembled PDU]"
"409","32.563809","192.168.204.137","167.160.46.121","TCP","60","[TCP ACKed unseen segment] 49190  >  80 [ACK] Seq=1046 Ack=81597 Win=64240 Len=0"
"410","32.563811","167.160.46.121","192.168.204.137","TCP","1423","80  >  49190 [PSH, ACK] Seq=81597 Ack=1046 Win=64240 Len=1369 [TCP segment of a reassembled PDU]"
"411","32.564102","167.160.46.121","192.168.204.137","TCP","1423","80  >  49190 [PSH, ACK] Seq=82966 Ack=1046 Win=64240 Len=1369 [TCP segment of a reassembled PDU]"
"412","32.564167","192.168.204.137","167.160.46.121","TCP","60","49190  >  80 [ACK] Seq=1046 Ack=84335 Win=64240 Len=0"
"413","32.564325","167.160.46.121","192.168.204.137","TCP","1423","80  >  49190 [PSH, ACK] Seq=84335 Ack=1046 Win=64240 Len=1369 [TCP segment of a reassembled PDU]"
"414","32.564409","167.160.46.121","192.168.204.137","TCP","1423","80  >  49190 [PSH, ACK] Seq=85704 Ack=1046 Win=64240 Len=1369 [TCP segment of a reassembled PDU]"
"415","32.564492","192.168.204.137","167.160.46.121","TCP","60","49190  >  80 [ACK] Seq=1046 Ack=87073 Win=64240 Len=0"
"416","32.564582","167.160.46.121","192.168.204.137","TCP","1423","80  >  49190 [PSH, ACK] Seq=87073 Ack=1046 Win=64240 Len=1369 [TCP segment of a reassembled PDU]"
"417","32.565079","167.160.46.121","192.168.204.137","TCP","1423","80  >  49190 [PSH, ACK] Seq=88442 Ack=1046 Win=64240 Len=1369 [TCP segment of a reassembled PDU]"
"418","32.565084","192.168.204.137","167.160.46.121","TCP","60","49190  >  80 [ACK] Seq=1046 Ack=89811 Win=64240 Len=0"
"419","32.565085","167.160.46.121","192.168.204.137","TCP","1423","80  >  49190 [PSH, ACK] Seq=89811 Ack=1046 Win=64240 Len=1369 [TCP segment of a reassembled PDU]"
"420","32.664804","167.160.46.121","192.168.204.137","TCP","1423","[TCP Retransmission] 80  >  49190 [PSH, ACK] Seq=89811 Ack=1046 Win=64240 Len=1369"
"421","32.664906","192.168.204.137","167.160.46.121","TCP","60","49190  >  80 [ACK] Seq=1046 Ack=91180 Win=62871 Len=0"
"422","32.736485","167.160.46.121","192.168.204.137","TCP","1423","80  >  49200 [PSH, ACK] Seq=1 Ack=335 Win=64240 Len=1369 [TCP segment of a reassembled PDU]"
"423","32.736721","167.160.46.121","192.168.204.137","TCP","1423","80  >  49200 [PSH, ACK] Seq=1370 Ack=335 Win=64240 Len=1369 [TCP segment of a reassembled PDU]"
"424","32.737233","192.168.204.137","167.160.46.121","TCP","60","49200  >  80 [ACK] Seq=335 Ack=2739 Win=64240 Len=0"
"425","32.737237","167.160.46.121","192.168.204.137","TCP","1423","80  >  49200 [PSH, ACK] Seq=2739 Ack=335 Win=64240 Len=1369 [TCP segment of a reassembled PDU]"
"426","32.737304","167.160.46.121","192.168.204.137","TCP","1423","80  >  49200 [PSH, ACK] Seq=4108 Ack=335 Win=64240 Len=1369 [TCP segment of a reassembled PDU]"
"427","32.737356","192.168.204.137","167.160.46.121","TCP","60","49200  >  80 [ACK] Seq=335 Ack=5477 Win=64240 Len=0"
"428","32.737601","167.160.46.121","192.168.204.137","TCP","1423","80  >  49200 [PSH, ACK] Seq=5477 Ack=335 Win=64240 Len=1369 [TCP segment of a reassembled PDU]"
"429","32.738083","167.160.46.121","192.168.204.137","TCP","1423","80  >  49200 [PSH, ACK] Seq=6846 Ack=335 Win=64240 Len=1369 [TCP segment of a reassembled PDU]"
"430","32.738094","192.168.204.137","167.160.46.121","TCP","60","49200  >  80 [ACK] Seq=335 Ack=8215 Win=64240 Len=0"
"431","32.738096","167.160.46.121","192.168.204.137","TCP","1423","80  >  49200 [PSH, ACK] Seq=8215 Ack=335 Win=64240 Len=1369 [TCP segment of a reassembled PDU]"
"432","32.738546","167.160.46.121","192.168.204.137","TCP","1423","80  >  49200 [PSH, ACK] Seq=9584 Ack=335 Win=64240 Len=1369 [TCP segment of a reassembled PDU]"
"433","32.738981","192.168.204.137","167.160.46.121","TCP","60","49200  >  80 [ACK] Seq=335 Ack=10953 Win=64240 Len=0"
"434","32.738986","167.160.46.121","192.168.204.137","TCP","1423","80  >  49200 [PSH, ACK] Seq=10953 Ack=335 Win=64240 Len=1369 [TCP segment of a reassembled PDU]"
"435","32.739231","167.160.46.121","192.168.204.137","TCP","1423","80  >  49200 [PSH, ACK] Seq=12322 Ack=335 Win=64240 Len=1369 [TCP segment of a reassembled PDU]"
"436","32.739496","192.168.204.137","167.160.46.121","TCP","60","49200  >  80 [ACK] Seq=335 Ack=13691 Win=64240 Len=0"
"437","32.852607","167.160.46.121","192.168.204.137","TCP","1423","80  >  49190 [PSH, ACK] Seq=91180 Ack=1046 Win=64240 Len=1369 [TCP segment of a reassembled PDU]"
"438","32.852841","167.160.46.121","192.168.204.137","TCP","1423","80  >  49190 [PSH, ACK] Seq=92549 Ack=1046 Win=64240 Len=1369 [TCP segment of a reassembled PDU]"
"439","32.852898","192.168.204.137","167.160.46.121","TCP","60","49190  >  80 [ACK] Seq=1046 Ack=93918 Win=64240 Len=0"
"440","32.853164","167.160.46.121","192.168.204.137","TCP","1423","80  >  49190 [PSH, ACK] Seq=93918 Ack=1046 Win=64240 Len=1369 [TCP segment of a reassembled PDU]"
"441","32.853530","167.160.46.121","192.168.204.137","TCP","1423","80  >  49190 [PSH, ACK] Seq=95287 Ack=1046 Win=64240 Len=1369 [TCP segment of a reassembled PDU]"
"442","32.853534","192.168.204.137","167.160.46.121","TCP","60","49190  >  80 [ACK] Seq=1046 Ack=96656 Win=64240 Len=0"
"443","32.853536","167.160.46.121","192.168.204.137","TCP","1423","80  >  49190 [PSH, ACK] Seq=96656 Ack=1046 Win=64240 Len=1369 [TCP segment of a reassembled PDU]"
"444","32.854194","167.160.46.121","192.168.204.137","TCP","1423","80  >  49190 [PSH, ACK] Seq=98025 Ack=1046 Win=64240 Len=1369 [TCP segment of a reassembled PDU]"
"445","32.854258","192.168.204.137","167.160.46.121","TCP","60","49190  >  80 [ACK] Seq=1046 Ack=99394 Win=64240 Len=0"
"446","32.857867","167.160.46.121","192.168.204.137","TCP","1423","80  >  49190 [PSH, ACK] Seq=99394 Ack=1046 Win=64240 Len=1369 [TCP segment of a reassembled PDU]"
"447","32.858189","167.160.46.121","192.168.204.137","TCP","1371","80  >  49190 [PSH, ACK] Seq=100763 Ack=1046 Win=64240 Len=1317 [TCP segment of a reassembled PDU]"
"448","32.858198","192.168.204.137","167.160.46.121","TCP","60","49190  >  80 [ACK] Seq=1046 Ack=102080 Win=64240 Len=0"
"449","33.022183","167.160.46.121","192.168.204.137","TCP","1423","80  >  49200 [PSH, ACK] Seq=13691 Ack=335 Win=64240 Len=1369 [TCP segment of a reassembled PDU]"
"450","33.022547","167.160.46.121","192.168.204.137","TCP","1423","80  >  49200 [PSH, ACK] Seq=15060 Ack=335 Win=64240 Len=1369 [TCP segment of a reassembled PDU]"
"451","33.022635","192.168.204.137","167.160.46.121","TCP","60","49200  >  80 [ACK] Seq=335 Ack=16429 Win=64240 Len=0"
"452","33.022637","167.160.46.121","192.168.204.137","TCP","1423","80  >  49200 [PSH, ACK] Seq=16429 Ack=335 Win=64240 Len=1369 [TCP segment of a reassembled PDU]"
"453","33.023064","167.160.46.121","192.168.204.137","TCP","1423","80  >  49200 [PSH, ACK] Seq=17798 Ack=335 Win=64240 Len=1369 [TCP segment of a reassembled PDU]"
"454","33.023212","192.168.204.137","167.160.46.121","TCP","60","49200  >  80 [ACK] Seq=335 Ack=19167 Win=64240 Len=0"
"455","33.024097","167.160.46.121","192.168.204.137","TCP","1423","80  >  49200 [PSH, ACK] Seq=19167 Ack=335 Win=64240 Len=1369 [TCP segment of a reassembled PDU]"
"456","33.024317","167.160.46.121","192.168.204.137","TCP","1423","80  >  49200 [PSH, ACK] Seq=20536 Ack=335 Win=64240 Len=1369 [TCP segment of a reassembled PDU]"
"457","33.024459","192.168.204.137","167.160.46.121","TCP","60","49200  >  80 [ACK] Seq=335 Ack=21905 Win=64240 Len=0"
"458","33.028582","167.160.46.121","192.168.204.137","TCP","1423","80  >  49200 [PSH, ACK] Seq=21905 Ack=335 Win=64240 Len=1369 [TCP segment of a reassembled PDU]"
"459","33.028786","167.160.46.121","192.168.204.137","TCP","1423","80  >  49200 [PSH, ACK] Seq=23274 Ack=335 Win=64240 Len=1369 [TCP segment of a reassembled PDU]"
"460","33.028889","192.168.204.137","167.160.46.121","TCP","60","49200  >  80 [ACK] Seq=335 Ack=24643 Win=61502 Len=0"
"461","33.029028","167.160.46.121","192.168.204.137","TCP","1423","80  >  49200 [PSH, ACK] Seq=24643 Ack=335 Win=64240 Len=1369 [TCP segment of a reassembled PDU]"
"462","33.029620","167.160.46.121","192.168.204.137","TCP","1423","80  >  49200 [PSH, ACK] Seq=26012 Ack=335 Win=64240 Len=1369 [TCP segment of a reassembled PDU]"
"463","33.029688","192.168.204.137","167.160.46.121","TCP","60","49200  >  80 [ACK] Seq=335 Ack=27381 Win=58764 Len=0"
"464","33.029915","167.160.46.121","192.168.204.137","TCP","1423","80  >  49200 [PSH, ACK] Seq=27381 Ack=335 Win=64240 Len=1369 [TCP segment of a reassembled PDU]"
"465","33.030514","167.160.46.121","192.168.204.137","TCP","1423","80  >  49200 [PSH, ACK] Seq=28750 Ack=335 Win=64240 Len=1369 [TCP segment of a reassembled PDU]"
"466","33.030613","192.168.204.137","167.160.46.121","TCP","60","49200  >  80 [ACK] Seq=335 Ack=30119 Win=56026 Len=0"
"467","33.031011","167.160.46.121","192.168.204.137","TCP","1423","80  >  49200 [PSH, ACK] Seq=30119 Ack=335 Win=64240 Len=1369 [TCP segment of a reassembled PDU]"
"468","33.031164","167.160.46.121","192.168.204.137","TCP","1423","80  >  49200 [PSH, ACK] Seq=31488 Ack=335 Win=64240 Len=1369 [TCP segment of a reassembled PDU]"
"469","33.031246","192.168.204.137","167.160.46.121","TCP","60","49200  >  80 [ACK] Seq=335 Ack=32857 Win=53288 Len=0"
"470","33.031390","167.160.46.121","192.168.204.137","TCP","1423","80  >  49200 [PSH, ACK] Seq=32857 Ack=335 Win=64240 Len=1369 [TCP segment of a reassembled PDU]"
"471","33.058212","192.168.204.137","167.160.46.121","TCP","60","49200  >  80 [ACK] Seq=335 Ack=34226 Win=64240 Len=0"
"472","33.307420","167.160.46.121","192.168.204.137","TCP","1423","80  >  49200 [PSH, ACK] Seq=34226 Ack=335 Win=64240 Len=1369 [TCP segment of a reassembled PDU]"
"473","33.307739","167.160.46.121","192.168.204.137","TCP","1423","80  >  49200 [PSH, ACK] Seq=35595 Ack=335 Win=64240 Len=1369 [TCP segment of a reassembled PDU]"
"474","33.308090","192.168.204.137","167.160.46.121","TCP","60","49200  >  80 [ACK] Seq=335 Ack=36964 Win=61502 Len=0"
"475","33.308094","167.160.46.121","192.168.204.137","TCP","1423","80  >  49200 [PSH, ACK] Seq=36964 Ack=335 Win=64240 Len=1369 [TCP segment of a reassembled PDU]"
"476","33.308183","167.160.46.121","192.168.204.137","TCP","1423","80  >  49200 [PSH, ACK] Seq=38333 Ack=335 Win=64240 Len=1369 [TCP segment of a reassembled PDU]"
"477","33.308352","167.160.46.121","192.168.204.137","TCP","1423","80  >  49200 [PSH, ACK] Seq=39702 Ack=335 Win=64240 Len=1369 [TCP segment of a reassembled PDU]"
"478","33.308416","192.168.204.137","167.160.46.121","TCP","60","49200  >  80 [ACK] Seq=335 Ack=41071 Win=57395 Len=0"
"479","33.308476","167.160.46.121","192.168.204.137","TCP","1423","80  >  49200 [PSH, ACK] Seq=41071 Ack=335 Win=64240 Len=1369 [TCP segment of a reassembled PDU]"
"480","33.312908","167.160.46.121","192.168.204.137","TCP","1423","80  >  49200 [PSH, ACK] Seq=42440 Ack=335 Win=64240 Len=1369 [TCP segment of a reassembled PDU]"
"481","33.313116","167.160.46.121","192.168.204.137","TCP","1423","80  >  49200 [PSH, ACK] Seq=43809 Ack=335 Win=64240 Len=1369 [TCP segment of a reassembled PDU]"
"482","33.313318","167.160.46.121","192.168.204.137","TCP","1423","80  >  49200 [PSH, ACK] Seq=45178 Ack=335 Win=64240 Len=1369 [TCP segment of a reassembled PDU]"
"483","33.313433","192.168.204.137","167.160.46.121","TCP","60","49200  >  80 [ACK] Seq=335 Ack=46547 Win=51919 Len=0"
"484","33.321673","167.160.46.121","192.168.204.137","HTTP","299","HTTP/1.1 200 OK  (text/html)"
"485","33.421413","167.160.46.121","192.168.204.137","TCP","299","[TCP Retransmission] 80  >  49200 [PSH, ACK] Seq=46547 Ack=335 Win=64240 Len=245"
"486","33.421926","192.168.204.137","167.160.46.121","TCP","60","49200  >  80 [ACK] Seq=335 Ack=46792 Win=51674 Len=0"
"487","34.216765","192.168.204.137","167.160.46.121","HTTP","199","GET /RSBbr6XDxZwv-i2lhZFras66SJRIL5vez28iuddGQjo94jue4fGqpAN9QPAW_yPY HTTP/1.1 "
"488","34.216820","167.160.46.121","192.168.204.137","TCP","60","80  >  49193 [ACK] Seq=242608 Ack=291 Win=64240 Len=0"
"489","34.693924","167.160.46.121","192.168.204.137","HTTP","213","HTTP/1.1 200 OK  (text/html) (text/html)"
"490","34.709064","192.168.204.137","167.160.46.121","TCP","60","[TCP Window Update] 49200  >  80 [ACK] Seq=335 Ack=46792 Win=64240 Len=0"
"491","34.793599","167.160.46.121","192.168.204.137","TCP","213","[TCP Retransmission] 80  >  49193 [PSH, ACK] Seq=242608 Ack=291 Win=64240 Len=159"
"492","34.794117","192.168.204.137","167.160.46.121","TCP","60","49193  >  80 [ACK] Seq=291 Ack=242767 Win=64081 Len=0"
"493","35.257792","192.168.204.137","167.160.46.121","HTTP","199","GET /gSEUozajoHorzUcfwjgep5-0HOV5tn4pzQS8exfGPXFOBGBQWrEcD1wKpJQk2T59 HTTP/1.1 "
"494","35.257834","167.160.46.121","192.168.204.137","TCP","60","80  >  49193 [ACK] Seq=242767 Ack=436 Win=64240 Len=0"
"495","35.739991","167.160.46.121","192.168.204.137","HTTP","213","HTTP/1.1 200 OK  (text/html) (text/html)"
"496","35.839837","167.160.46.121","192.168.204.137","TCP","213","[TCP Retransmission] 80  >  49193 [PSH, ACK] Seq=242767 Ack=436 Win=64240 Len=159"
"497","35.839848","192.168.204.137","167.160.46.121","TCP","60","49193  >  80 [ACK] Seq=436 Ack=242926 Win=63922 Len=0"
"498","93.898835","192.168.204.137","167.160.46.121","TCP","60","49190  >  80 [RST, ACK] Seq=1046 Ack=102080 Win=0 Len=0"
"499","98.306296","192.168.204.137","167.160.46.121","TCP","60","[TCP ACKed unseen segment] 49200  >  80 [ACK] Seq=335 Ack=46793 Win=64240 Len=0"
"500","98.907262","192.168.204.137","167.160.46.121","TCP","60","[TCP ACKed unseen segment] 49200  >  80 [RST, ACK] Seq=335 Ack=46793 Win=0 Len=0"
"501","100.739361","192.168.204.137","167.160.46.121","TCP","60","[TCP ACKed unseen segment] 49193  >  80 [ACK] Seq=436 Ack=242927 Win=63922 Len=0"
"502","100.739448","192.168.204.137","167.160.46.121","TCP","60","[TCP ACKed unseen segment] 49193  >  80 [FIN, ACK] Seq=436 Ack=242927 Win=63922 Len=0"
"503","100.739590","167.160.46.121","192.168.204.137","TCP","60","[TCP Previous segment not captured] 80  >  49193 [ACK] Seq=242927 Ack=437 Win=64239 Len=0"
